Iteration,Nelder-Mead,L-BFGS-B,TNC,trust-constr
0,0.9908715317984508,0.9814063058811846,0.9863560989448572,0.9900710501130088
1,0.9904845053330815,0.98140630570954,0.9863560987128216,0.9900710498782452
2,0.9910478997562315,0.9814063061253779,0.9863560990348607,0.9900710502936955
3,0.990957989753473,0.9814063059935444,0.9863560989901193,0.9900710501751628
4,0.9907174749183084,0.9814063057152388,0.9863560987844905,0.9900710499431515
5,0.9913415160881492,0.9814063062151187,0.9863560991082073,0.9900710503063473
6,0.990842596085466,0.9814063059188102,0.9863560989247464,0.9900710501602905
7,0.9910097168109832,0.9814063058550575,0.9863560990238653,0.9900710500828368
8,0.9910678671926791,0.9814063061656403,0.9863560991505137,0.9900710502861839
9,0.9908738387519307,0.9814063059704865,0.986356098981474,0.9900710501279152
10,0.9903931656816357,0.8418752791050336,0.9863560988983378,0.9891877370909562
11,0.9898940245039833,0.8418752788639667,0.9863560986663025,0.9891877368486621
12,0.9904197294856814,0.8418752796777339,0.9863560989883413,0.9891877372816436
13,0.9902961876301698,0.8418752796837888,0.9863560989436002,0.9891877371546572
14,0.9901754770105972,0.8418752785942392,0.9863560987379713,0.9891877369158626
15,0.990053777381149,0.8418752801802108,0.9863560990616882,0.989187737296727
16,0.9899501158544008,0.8418752788671962,0.9863560988782272,0.9891877371359253
17,0.9897412104942308,0.8418752786884007,0.9863560989773461,0.9891877370563312
18,0.9891412680021555,0.8418752804162197,0.9863560991039944,0.9891877372795688
19,0.9893902170093536,0.8418752808833397,0.9863560989349547,0.9891877371197085
20,0.9892147774936778,0.9997244673701864,0.9863560651012184,0.9730148059114341
21,0.9891739913425277,0.9997244674611911,0.9863560648691829,0.9730148055919392
22,0.9889630978344979,0.9997244673751118,0.9863560651912222,0.9730148062628833
23,0.9881937153571496,0.9997244672898175,0.9863560651464809,0.9730148058069741
24,0.9886157318757153,0.9997244673004292,0.9863560649408517,0.9730148056898211
25,0.9883658925186952,0.9997244674266571,0.9863560652645693,0.9730148055033877
26,0.9881070835389882,0.9997244673783857,0.9863560650811075,0.9730148058899467
27,0.9870332500282701,0.999724467276009,0.9863560651802269,0.9730148058161379
28,0.9875663792243043,0.9997244674027238,0.9863560653068759,0.9730148063648832
29,0.9870714683982573,0.9997244674292166,0.9863560651378358,0.9730148062738211
30,0.9871063372568027,0.6825902840359401,0.9855866767438581,0.8778117979904716
31,0.9868023160550509,0.6825902825821757,0.9855866765051494,0.8778117974665786
32,0.9854761127854967,0.6825902825477029,0.985586676836963,0.8778117970591164
33,0.986003398220108,0.6825902842011466,0.9855866767904492,0.877811797447837
34,0.9852608307029946,0.6825902824149044,0.9855866765782597,0.8778117975894328
35,0.9830304812791518,0.6825902833146564,0.9855866769138787,0.8778117967055845
36,0.9845670164650714,0.6825902826967338,0.9855866767198223,0.877811797651247
37,0.9839756677885511,0.6825902824579746,0.9855866768242376,0.8778117977180528
38,0.983103136877838,0.6825902842146665,0.985586676961143,0.8778117963374543
39,0.9828078114811437,0.6825902883097104,0.9855866767866464,0.8778118003143615
40,0.9800375762970801,0.6762344008263269,0.9812693203305773,0.652492099750516
41,0.9817335281857409,0.6762343990011354,0.9812693200580825,0.652492097851743
42,0.9804028251223087,0.6762343990088117,0.9812693204404345,0.6524921025883272
43,0.9788415477727196,0.6762344008463024,0.9812693203851317,0.6524921016898576
44,0.9738981305153197,0.6762343991769583,0.9812693201385396,0.6524920998801326
45,0.9771972968826335,0.6762343996053495,0.9812693205367382,0.6524921065815938
46,0.9758218444891439,0.6762343993644829,0.9812693202833921,0.652492101637536
47,0.9748682915726726,0.6762343993051358,0.9812693204185573,0.6524921003305821
48,0.9732474267600373,0.6762344006315586,0.9812693206125473,0.6524921064453801
49,0.966559188110312,0.6762344053410007,0.9812693204103234,0.6524921030588993
50,0.9706372304357206,0.9918344235028831,0.5882641626037548,0.3117602231983966
51,0.9672834679121474,0.9918344240431608,0.5882641622889001,0.3117602235888266
52,0.9654982391973319,0.9918344234772113,0.5882641621986746,0.31176022275094184
53,0.955470428883833,0.9918344230681777,0.5882641640411985,0.3117602217941885
54,0.9612839763040315,0.9918344230978517,0.5882641625342515,0.31176022224501354
55,0.9567791462894317,0.9918344237426753,0.5882641625150855,0.3117602160876367
56,0.9557853576612565,0.9918344235219926,0.5882641600850135,0.3117602215541372
57,0.9526732820034485,0.9918344230106674,0.5882641621786517,0.3117602220965744
58,0.9393084396210781,0.9918344235853732,0.588264165556267,0.31176021592088954
59,0.9450786451623134,0.9918344239424204,0.5882641671979624,0.3117602193993393
60,0.9384471541743823,0.6718925692724267,0.953507923484261,0.5141487322142815
61,0.9176964585865102,0.6718925670194151,0.9535079222597543,0.5141487460987795
62,0.9308773487263545,0.6718925671670819,0.9535079228887052,0.5141487334135586
63,0.9269849620700882,0.6718925691413853,0.9535079231643006,0.5141487333990908
64,0.9203761644487654,0.6718925677658638,0.9535079241503996,0.514148736355595
65,0.9162091704104154,0.6718925674497656,0.9535079240803401,0.5141487353693305
66,0.900731813296531,0.6718925677243033,0.9535079238072147,0.5141487338646102
67,0.9091747285151388,0.6718925680313188,0.9535079240548308,0.5141487353079428
68,0.9030807837414807,0.6718925686395192,0.9535079226510688,0.5141487355309053
69,0.8960852765371506,0.6718925739438146,0.9535079237278965,0.5141487311807997
70,0.9067196719920515,0.572167221712429,0.8136303440259831,0.3342203835414701
71,0.8972603966550246,0.5721672191138948,0.8136303435110104,0.33422038098218865
72,0.894411831760182,0.5721672192981998,0.8136303445906405,0.3342203857748889
73,0.9104331427628921,0.57216722135244,0.8136303454636697,0.3342203854112301
74,0.9000659510937501,0.5721672202266099,0.8136303422118485,0.3342203816139827
75,0.9032728208567844,0.5721672194915602,0.8136303435664863,0.3342203900695183
76,0.9011204254385273,0.5721672199612373,0.8136303458965781,0.33422038631961415
77,0.9259503073262998,0.5721672205069277,0.8136303413738986,0.33422038192817705
78,0.9019767407349242,0.5721672211848787,0.8136303425066727,0.3342203915108396
79,0.9048965071979796,0.5721672269650988,0.8136303465802361,0.33422039047073904
80,0.8977790115480982,0.291942733662913,0.8250326352949872,0.03426480900428308
81,0.901954211478204,0.291942733108848,0.82503263674177,0.03426480748535232
82,0.8949398709487673,0.29194273195075027,0.8250326368947632,0.034264810281516955
83,0.9073377570326697,0.2919427318926313,0.8250326362185983,0.034264809444860544
84,0.8965228550317097,0.2919427361625184,0.8250326378321297,0.03426480758110906
85,0.9087831795506018,0.29194272866576887,0.8250326352763768,0.03426480836978352
86,0.8963883114178745,0.29194273354790745,0.825032635174977,0.034264810028809545
87,0.9056813685578248,0.29194273663640036,0.8250326354300314,0.03426480772748519
88,0.8962964397873754,0.29194273175725005,0.8250326347727593,0.03426480899289153
89,0.8985548162722479,0.2919427358754568,0.8250326364224609,0.03426481253325553
90,0.8910366812791645,0.34093631606851316,0.4732052897381931,0.40442583047570446
91,0.8889661663205549,0.34093631930553425,0.4732052921236959,0.40442583450000213
92,0.9006619717233355,0.34093631611927455,0.4732052917116888,0.40442583343195204
93,0.8947964464591365,0.34093631471016683,0.47320529236048303,0.4044258295882962
94,0.8950525820930929,0.34093631703379246,0.47320529327978544,0.4044258354570812
95,0.8890678814650466,0.3409363188407457,0.4732052874990066,0.40442582821463435
96,0.8917522718485926,0.34093631824715054,0.47320528691149477,0.40442583303085267
97,0.8917345790677564,0.34093631714009265,0.4732052901992466,0.40442583348382144
98,0.889413789386793,0.34093631915124234,0.47320529012000445,0.4044258285482074
99,0.8873199415558961,0.3409363140689875,0.47320529459428917,0.4044258220790201
100,0.8861506246546242,0.11909335403012977,0.4561250979157695,0.02074601203835358
101,0.8957014932629788,0.11909335633470586,0.4561250981211088,0.020746013952587572
102,0.8911200875752959,0.11909335351463002,0.45612509862787864,0.020746011471462045
103,0.8869373553146359,0.11909335242950037,0.45612510012453245,0.02074601069051507
104,0.8841843442812327,0.11909335548776023,0.45612509894818265,0.020746013780296613
105,0.8819825790170144,0.11909335308951363,0.4561250965170467,0.020746012653930834
106,0.8791788050036143,0.11909335530255594,0.45612509484020736,0.020746011097867
107,0.8719109274837973,0.11909335576922864,0.4561250972238219,0.020746013504109873
108,0.8821572172225649,0.1190933546382732,0.45612510050734845,0.020746012872840502
109,0.8868757516751448,0.11909335358793005,0.45612510392769234,0.02074601183333602
110,0.8747902829045777,0.12131166585198516,0.4348900978876443,0.24843082848837428
111,0.872759614078642,0.12131166576296115,0.43489009907063336,0.24843082282328544
112,0.8719089342274435,0.12131166532586413,0.43489009939904044,0.2484308313715854
113,0.8663619146769697,0.1213116664394801,0.434890100464124,0.24843083228753937
114,0.8631764544264657,0.12131166435367102,0.43489010014066964,0.24843082260593308
115,0.8487020506959488,0.1213116684129587,0.4348900958573695,0.24843082976870445
116,0.8571503663728044,0.12131166507223823,0.434890094767842,0.24843082967758234
117,0.8577944806184716,0.12131166427787243,0.4348900976491722,0.24843082249303305
118,0.8783348649310275,0.121311669214484,0.4348900995508247,0.24843082829949037
119,0.8478131583994942,0.12131166828648077,0.43489010375141424,0.2484308282646559
120,0.8288132521113136,0.07419922614397234,0.4391327362097647,0.007987002377166541
121,0.835372275375268,0.07419922713641625,0.4391327368383995,0.00798700119636886
122,0.8665519512652845,0.07419922550299862,0.4391327373389746,0.007987002652153796
123,0.8315648801052641,0.07419922564416659,0.4391327386249082,0.00798700236006511
124,0.8233867168684682,0.07419922590103267,0.43913273780548645,0.007987001541938321
125,0.7962596028731403,0.07419922712769944,0.4391327344670304,0.00798700172885991
126,0.8065573375109324,0.07419922632714604,0.4391327330797652,0.007987002136298327
127,0.8370978799059371,0.07419922589026706,0.4391327356900636,0.007987001476215005
128,0.8005236804192133,0.07419922826925107,0.43913273840945943,0.007987001906225588
129,0.7989560242606323,0.07419922718632888,0.43913274225747323,0.007987002552958478
130,0.7758860000441221,0.04163453365497094,0.4352186891908174,0.038335173822259594
131,0.7385901875315322,0.041634533947567554,0.4352186900829601,0.03833517780348372
132,0.7594749203033573,0.04163453273509232,0.43521869051919915,0.0383351734318329
133,0.8016898001815173,0.04163453343026613,0.43521869169468397,0.03833517574984846
134,0.7543104547165593,0.041634533366643356,0.43521869110683975,0.038335176214717936
135,0.734898388777411,0.04163453416847174,0.4352186872940741,0.038335175551058476
136,0.7024338959959844,0.04163453393575056,0.4352186860564722,0.038335174498797975
137,0.7280174181702999,0.0416345333991508,0.43521868879979553,0.03833517595496294
138,0.716393478894926,0.041634534671508794,0.4352186911385637,0.038335174472993505
139,0.7243295618357288,0.041634534128681344,0.4352186951755258,0.03833517330867464
140,0.699603758587779,0.01752369458895553,0.43458512260097126,0.003718784100786965
141,0.7042689485067262,0.0175236946120485,0.4345851236356528,0.0037187842351075195
142,0.7324203657559033,0.017523693998538148,0.4345851240233276,0.003718784042883949
143,0.7048895237469341,0.01752369507986762,0.43458512514347625,0.003718784014698051
144,0.718580306237284,0.017523694605781848,0.4345851246839785,0.003718784261454444
145,0.6948483646308076,0.017523694581107807,0.43458512063448596,0.003718783853274288
146,0.7314477809199602,0.017523694603363893,0.4345851194713598,0.003718783897329825
147,0.713159051501551,0.017523694691418346,0.4345851222835674,0.003718784205247627
148,0.685854642970755,0.01752369456420133,0.43458512441012564,0.003718784035546374
149,0.7061342331809057,0.0175236946483891,0.4345851285325003,0.0037187843538835086
150,0.6825370880672299,0.009441746494276426,0.4345851218656952,0.006386304754155803
151,0.7034885806103757,0.009441746192014433,0.43458512290037543,0.006386304787528108
152,0.7666532500281125,0.009441745999017814,0.4345851232880519,0.006386304788252972
153,0.6932989880209517,0.00944174676133902,0.43458512440819674,0.006386303947483851
154,0.6949512341045507,0.009441746244717386,0.4345851239487011,0.006386304829116063
155,0.7008574035442661,0.009441746397710116,0.4345851198992108,0.006386305077329735
156,0.7186468499369171,0.009441746469239676,0.43458511873608663,0.006386304727281189
157,0.6909313957021438,0.009441746276089846,0.434585121548298,0.006386304994700942
158,0.6962354793855815,0.009441746300296372,0.4345851236748548,0.00638630492509884
159,0.6938479519140731,0.009441746364199366,0.43458512779723124,0.006386304049841196
160,0.7046061310229668,0.007066519737028432,0.5330217833727829,0.0029849312796207395
161,0.6868021420593431,0.007066519934021298,0.5330217863782396,0.0029849311068089746
162,0.6740620887194203,0.007066520093550688,0.5330217853859032,0.0029849313816353584
163,0.6777485226548541,0.0070665199997730355,0.5330217857078109,0.002984931428351212
164,0.6980833226468733,0.007066520067420257,0.5330217875467266,0.0029849311501577436
165,0.6840904378263688,0.007066520285746392,0.5330217813968963,0.0029849312714064213
166,0.6964654867469361,0.0070665192203037686,0.5330217810597719,0.002984931266650559
167,0.6837081073058504,0.0070665200000716855,0.5330217842517249,0.002984931121880363
168,0.6988205760428581,0.007066520185948888,0.5330217829210503,0.002984931283659953
169,0.683231111179215,0.0070665201259833,0.533021787107034,0.0029849311737729645
170,0.6901043453762653,0.003922519621287424,0.45677484938788193,0.002831983743527222
171,0.6884185132134574,0.003922519564482196,0.4567748516067509,0.0028319838109714945
172,0.6856536424210391,0.003922519554010462,0.4567748513144655,0.002831983754442269
173,0.7036533804741574,0.003922519625244814,0.4567748520272856,0.002831983688175832
174,0.6797657504456948,0.0039225196053969125,0.45677485275692253,0.002831983803231908
175,0.6962217868393141,0.003922519648455913,0.4567748471402763,0.0028319836813935906
176,0.6802807895924758,0.003922519492299603,0.4567748464883342,0.002831983727163423
177,0.6740072166149282,0.003922519567892135,0.45677484974744365,0.0028319837999687403
178,0.6743127068540571,0.003922519551583625,0.4567748499832007,0.0028319837658704605
179,0.6807655295743658,0.003922519591364471,0.4567748544589363,0.0028319838151819043
180,0.6863863995914377,0.0037482257565453203,0.43821853773874353,0.0027499006793090253
181,0.6791015362065925,0.0037482257362123628,0.43821853936477306,0.0027499006924821545
182,0.6805333587656412,0.0037482257074890057,0.4382185394648902,0.0027499007589343316
183,0.6831083336575593,0.003748225718819387,0.43821854037798347,0.0027499006486000344
184,0.6718474173689796,0.0037482257640044647,0.4382185404815464,0.0027499006909113
185,0.6708707041432844,0.003748225800077054,0.4382185355696664,0.002749900581455633
186,0.6817058576804867,0.0037482256615306575,0.43821853467906013,0.002749900675744432
187,0.6690641344331074,0.003748225726984411,0.4382185377464952,0.0027499006978177754
188,0.6676503573080468,0.0037482257207246406,0.4382185389634107,0.00274990061758984
189,0.6738272872043792,0.0037482257365593075,0.43821854333399923,0.002749900555797269
190,0.6684389050316342,0.0034466929034351335,0.4345785403488973,0.00272067223887007
191,0.6772184773948637,0.003446692920382244,0.43457854167282595,0.0027206721984569526
192,0.6677683630491991,0.0034466928848061462,0.434578541934339,0.002720672251315004
193,0.670142657435588,0.0034466928279874853,0.43457854295037734,0.002720672255129508
194,0.6546028979940206,0.003446692926873607,0.4345785427603176,0.002720672196711793
195,0.6419778281382174,0.003446692963184228,0.434578538267962,0.0027206722625156
196,0.6604337049612827,0.003446692869288004,0.434578537243724,0.0027206722767649794
197,0.6574926068839333,0.003446692897807635,0.43457854018674635,0.0027206722052801613
198,0.6529510460492824,0.003446692920039074,0.4345785418764173,0.0027206723076801387
199,0.6726886138899776,0.0034466929121276246,0.4345785461383084,0.0027206722498541724
